{"cameraMode":{"drawMode":0,"name":"Shaded","section":"Shading Mode"},"sceneLighting":true,"audioPlay":false,"sceneViewState":{"m_AlwaysRefresh":false,"showFog":true,"showSkybox":true,"showFlares":true,"showImageEffects":true,"showParticleSystems":true,"showVisualEffectGraphs":true,"m_FxEnabled":true},"in2DMode":false,"pivot":{"x":1.29689621925354,"y":0.9243157505989075,"z":1.2167000770568848},"rotation":{"x":-0.07208678126335144,"y":0.06637373566627503,"z":-0.004807331133633852,"w":-0.9951781630516052},"size":3.3480420112609865,"orthographic":false}